TANGGAL,TN,TX,TAVG,RH_AVG,RR,SS,FF_X,DDD_X,FF_AVG,Lindi,DDD_CAR_C,DDD_CAR_E,DDD_CAR_NW,DDD_CAR_S,DDD_CAR_SE,DDD_CAR_SW,DDD_CAR_W
2025-01-01,23.8,31.0,25.9,87,8.5,5.1,1,311,1,63.66790170371778,0,0,0,0,0,1,0
2025-01-02,22.9,30.8,25.4,88,4.4,1.6,3,112,1,32.95750205839509,0,1,0,0,0,0,0
2025-01-03,22.4,30.2,25.7,87,23.5,1.6,2,217,1,176.0230223573374,0,0,0,0,0,0,1
2025-01-04,22.7,30.2,25.6,86,13.40322580645161,4.2,2,252,1,100.3947368421053,0,0,0,0,0,0,1
2025-01-05,23.4,30.8,26.2,85,28.5,4.7,2,222,1,213.4747292418773,0,0,0,0,0,0,1
2025-01-06,23.4,32.8,25.9,87,13.40322580645161,4.6,2,161,1,100.3947368421053,0,0,0,0,1,0,0
2025-01-07,23.0,31.6,25.5,89,9.6,3.3,2,124,1,71.90727721831655,1,0,0,0,0,0,0
2025-01-08,23.0,31.0,25.9,85,46.0,4.4,5,278,2,344.5557033377668,0,0,1,0,0,0,0
2025-01-09,23.0,33.2,26.7,81,33.6,2.9,3,300,1,251.6754702641079,0,0,0,0,0,0,1
2025-01-10,22.9,32.6,27.2,80,1.0,5.0,2,240,1,7.490341376907973,0,0,0,0,0,1,0
2025-01-11,23.0,31.2,26.3,84,27.0,5.5,2,271,1,202.2392171765153,0,0,0,0,0,0,1
2025-01-12,23.5,30.2,25.5,87,0.2,3.8,3,293,1,1.498068275381595,0,0,1,0,0,0,0
2025-01-13,23.0,31.4,26.2,86,34.0,2.1,2,286,1,254.6716068148711,0,0,0,0,0,0,1
2025-01-14,23.6,32.0,26.1,86,13.40322580645161,4.7,2,253,1,100.3947368421053,0,0,0,0,0,0,1
2025-01-15,23.4,32.1,26.2,87,29.5,4.6,2,279,1,220.9650706187852,0,0,0,0,0,1,0
2025-01-16,23.9,32.6,27.1,80,0.1,3.8,3,281,1,0.7490341376907974,0,0,0,0,0,0,1
2025-01-17,23.4,32.6,27.1,84,13.40322580645161,6.6,3,309,2,100.3947368421053,0,0,0,0,0,0,1
2025-01-18,23.4,32.8,26.0,88,13.40322580645161,7.1,3,280,1,100.3947368421053,0,0,0,0,0,0,1
2025-01-19,23.6,31.6,26.2,88,2.3,4.7,3,292,1,17.22778516688834,0,0,0,0,0,0,1
2025-01-20,23.6,29.4,25.5,89,22.0,5.1,2,294,1,164.7875102919755,0,0,0,0,0,0,1
2025-01-21,24.0,32.8,27.2,85,0.2,0.3,2,244,1,1.498068275381595,0,0,0,0,0,0,1
2025-01-22,22.8,32.0,26.5,83,16.3,4.9,2,288,1,122.0925644436,0,0,0,0,0,0,1
2025-01-23,23.2,31.2,26.2,85,5.4,2.0,2,291,1,40.44784343530306,0,0,0,0,0,0,1
2025-01-24,23.0,31.8,26.2,86,13.40322580645161,2.2,2,273,1,100.3947368421053,0,0,0,0,0,0,1
2025-01-25,22.6,32.2,26.3,85,0.8,6.0,2,268,1,5.992273101526379,0,0,0,0,0,1,0
2025-01-26,24.4,31.2,26.7,87,2.5,5.4,2,267,1,18.72585344226993,0,0,0,0,0,0,1
2025-01-27,23.6,28.6,24.2,94,26.5,5.8,2,277,1,198.4940464880613,0,0,0,0,0,0,1
2025-01-28,22.8,31.8,25.5,87,10.0,0.0,3,288,1,74.90341376907973,0,0,0,0,0,0,1
2025-01-29,22.8,33.4,25.4,89,52.0,4.2,5,294,2,389.4977515992147,0,0,0,0,0,0,1
2025-01-30,22.2,26.8,24.8,79,31.6,7.0,6,291,5,236.694787510292,0,0,0,0,0,0,1
2025-01-31,23.4,30.0,26.5,76,13.40322580645161,0.0,5,286,2,100.3947368421053,0,0,0,0,0,0,1
2025-02-01,23.8,32.6,26.9,81,7.828571428571428,0.0,3,283,2,91.82926829268291,0,0,0,0,0,0,1
2025-02-02,23.0,31.2,26.7,78,7.828571428571428,2.6,4,298,2,91.82926829268291,0,0,1,0,0,0,0
2025-02-03,23.2,32.4,27.4,77,7.828571428571428,1.9,4,293,2,91.82926829268291,0,0,0,0,0,0,1
2025-02-04,23.8,33.0,27.9,71,7.828571428571428,5.8,4,291,2,91.82926829268291,0,0,1,0,0,0,0
2025-02-05,25.2,32.8,28.5,67,7.828571428571428,8.0,5,292,4,91.82926829268291,0,0,1,0,0,0,0
2025-02-06,25.0,33.6,27.9,72,7.828571428571428,8.0,6,308,4,91.82926829268291,0,0,1,0,0,0,0
2025-02-07,23.6,32.9,27.4,80,5.5,7.4,2,287,1,64.5150881253338,0,0,0,0,0,0,1
2025-02-08,23.6,32.0,26.8,84,7.828571428571428,2.0,2,237,1,91.82926829268291,0,0,0,0,0,0,1
2025-02-09,23.2,31.4,26.2,88,21.0,3.3,3,250,2,246.3303364785473,0,0,0,0,0,0,1
2025-02-10,23.2,29.3,25.5,90,16.5,5.0,2,297,1,193.5452643760014,0,0,0,0,0,0,1
2025-02-11,22.9,31.5,26.6,80,13.5,0.5,3,291,1,158.3552163076375,0,0,0,0,0,0,1
2025-02-12,22.6,29.0,25.5,85,7.828571428571428,5.5,3,298,1,91.82926829268291,0,0,0,0,0,0,1
2025-02-13,23.2,31.4,26.5,83,5.0,0.2,2,279,1,58.65008011393982,0,0,0,0,0,0,1
2025-02-14,23.0,33.2,26.3,85,7.828571428571428,7.0,2,264,1,91.82926829268291,0,0,0,0,0,0,1
2025-02-15,23.6,33.0,26.3,83,7.828571428571428,6.5,3,291,1,91.82926829268291,0,0,0,0,0,1,0
2025-02-16,23.4,33.4,27.1,84,7.828571428571428,6.6,2,234,1,91.82926829268291,0,1,0,0,0,0,0
2025-02-17,24.0,32.4,25.8,89,7.828571428571428,6.8,2,140,1,91.82926829268291,0,1,0,0,0,0,0
2025-02-18,22.0,32.0,25.3,88,40.0,2.9,3,264,1,469.2006409115186,0,0,0,0,0,1,0
2025-02-19,23.2,31.8,26.0,88,7.5,4.9,2,273,1,87.97512017090973,0,0,0,0,0,0,1
2025-02-20,23.2,29.8,26.0,85,17.0,4.2,2,137,1,199.4102723873954,0,0,0,0,0,1,0
2025-02-21,23.4,32.4,26.3,83,7.828571428571428,0.2,3,303,1,91.82926829268291,0,0,0,0,1,0,0
2025-02-22,22.8,32.6,25.9,87,2.0,4.5,2,263,1,23.46003204557593,0,0,0,0,0,0,1
2025-02-23,22.2,30.4,25.8,85,12.0,5.1,2,100,1,140.7601922734556,0,1,0,0,0,0,0
2025-02-24,23.0,32.2,25.1,90,6.1,2.0,2,307,1,71.55309773900657,0,0,0,0,0,1,0
2025-02-25,22.6,28.2,25.2,90,1.9,3.5,2,188,1,22.28703044329713,1,0,0,0,0,0,0
2025-02-26,23.0,31.0,25.6,89,5.5,0.3,3,141,1,64.5150881253338,1,0,0,0,0,0,0
2025-02-27,22.6,31.6,25.5,88,52.2,4.0,3,170,1,612.3068363895318,0,0,0,0,0,1,0
2025-02-28,23.0,31.4,25.9,86,13.5,5.9,2,174,1,158.3552163076375,0,1,0,0,0,0,0
2025-03-01,23.4,32.0,26.4,84,12.2258064516129,5.7,3,160,1,99.61538461538463,0,1,0,0,0,0,0
2025-03-02,22.9,33.4,26.7,80,12.2258064516129,6.5,2,294,1,99.61538461538463,0,1,0,0,0,0,0
2025-03-03,23.4,33.4,26.9,84,30.5,6.5,2,202,1,248.5127866856099,0,1,0,0,0,0,0
2025-03-04,23.7,32.6,26.9,86,11.5,8.0,2,267,1,93.70154252080374,0,1,0,0,0,0,0
2025-03-05,23.2,33.4,27.5,80,1.0,6.3,2,88,1,8.147960219200325,0,0,0,0,0,1,0
2025-03-06,24.0,32.8,27.4,85,12.2258064516129,6.5,2,208,1,99.61538461538463,0,0,0,0,0,0,1
2025-03-07,24.2,32.8,26.8,84,0.6,5.7,3,300,1,4.888776131520195,0,0,0,1,0,0,0
2025-03-08,9.8,32.8,25.5,89,19.2,5.2,3,101,1,156.4408362086462,0,1,0,0,0,0,0
2025-03-09,23.5,31.0,25.1,91,42.0,4.7,2,273,1,342.2143292064137,0,0,0,0,0,0,1
2025-03-10,23.0,31.6,25.3,89,13.5,3.4,2,270,1,109.9974629592044,0,0,0,0,0,0,1
2025-03-11,23.2,34.2,26.8,85,10.0,2.4,2,179,1,81.47960219200324,0,0,0,1,0,0,0
2025-03-12,23.2,33.4,26.9,83,10.5,6.8,2,241,1,85.55358230160341,0,0,0,0,0,0,1
2025-03-13,23.2,33.5,26.7,82,46.0,4.8,2,297,1,374.806170083215,0,0,0,0,0,0,1
2025-03-14,22.9,33.4,27.1,80,12.2258064516129,5.5,2,269,1,99.61538461538463,0,0,0,0,0,0,1
2025-03-15,23.7,33.0,26.0,87,0.5,6.9,3,86,1,4.073980109600162,0,0,0,0,0,0,1
2025-03-16,22.8,32.0,25.0,90,9.0,5.1,2,280,1,73.33164197280293,0,0,0,0,0,0,1
2025-03-17,23.2,33.3,26.6,85,19.8,2.0,2,283,1,161.3296123401664,0,0,0,0,1,0,0
2025-03-18,23.2,32.0,26.2,83,1.1,3.7,3,284,2,8.962756241120358,0,0,0,0,0,0,1
2025-03-19,23.2,28.2,24.1,93,8.6,4.8,3,304,1,70.07245788512279,0,0,1,0,0,0,0
2025-03-20,22.2,31.2,26.4,84,35.5,0.3,2,282,1,289.2525877816115,0,0,0,0,0,0,1
2025-03-21,23.3,33.0,27.2,81,1.0,7.5,2,284,1,8.147960219200325,0,0,0,0,0,0,1
2025-03-22,24.1,31.4,26.4,84,12.2258064516129,6.9,2,272,2,99.61538461538463,0,0,0,0,0,0,1
2025-03-23,23.0,31.8,26.8,84,16.0,0.0,2,285,1,130.3673635072052,0,0,0,0,0,0,1
2025-03-24,23.7,32.5,26.4,84,12.2258064516129,1.8,4,299,2,99.61538461538463,0,0,0,0,0,0,1
2025-03-25,23.6,34.6,27.3,83,1.7,5.0,3,292,1,13.85153237264055,0,0,0,0,0,0,1
2025-03-26,23.2,34.4,28.4,82,12.2258064516129,7.5,2,311,1,99.61538461538463,0,0,0,0,1,0,0
2025-03-27,24.1,32.4,26.8,87,52.0,6.5,2,107,1,423.6939313984169,0,1,0,0,0,0,0
2025-03-28,23.3,32.4,25.5,87,0.6,2.6,2,62,1,4.888776131520195,0,1,0,0,0,0,0
2025-03-29,23.0,32.4,25.9,88,47.4,3.9,2,304,1,386.2133143900954,0,0,0,0,0,0,1
2025-03-30,23.7,31.6,28.4,73,12.2258064516129,0.2,2,244,1,99.61538461538463,0,0,0,0,0,0,1
2025-03-31,23.0,32.8,27.7,76,1.0,4.3,2,291,1,8.147960219200325,0,0,0,0,0,0,1
2025-04-01,23.6,32.0,26.4,83,6.196666666666667,7.8,2,286,1,80.3404255319149,0,0,0,0,0,0,1
2025-04-02,23.8,31.8,25.2,89,6.196666666666667,3.4,4,244,1,80.3404255319149,0,0,0,0,1,0,0
2025-04-03,22.6,30.2,25.5,90,40.0,3.9,4,122,1,518.6041454453893,0,0,0,0,1,0,0
2025-04-04,22.0,31.8,26.5,78,6.0,1.2,2,193,1,77.7906218168084,0,0,0,0,1,0,0
2025-04-05,21.6,33.2,26.2,77,6.196666666666667,6.9,3,166,1,80.3404255319149,0,0,0,0,1,0,0
2025-04-06,22.6,33.0,26.5,79,6.196666666666667,6.9,2,129,1,80.3404255319149,0,0,0,0,0,1,0
2025-04-07,22.0,32.4,25.6,84,6.196666666666667,6.7,2,189,1,80.3404255319149,0,0,0,1,0,0,0
2025-04-08,22.2,31.8,26.3,87,1.6,4.7,3,301,1,20.74416581781557,0,0,0,1,0,0,0
2025-04-09,22.8,33.4,26.4,85,38.8,4.1,3,305,1,503.0460210820276,0,0,0,0,1,0,0
2025-04-10,23.4,32.4,25.5,90,11.5,5.0,2,303,1,149.0986918155494,0,1,0,0,0,0,0
2025-04-11,22.8,31.2,26.2,87,46.0,4.3,2,150,1,596.3947672621978,0,0,0,0,1,0,0
2025-04-12,23.5,33.6,26.7,84,0.2,5.0,2,283,1,2.593020727226947,0,0,0,0,0,0,1
2025-04-13,23.6,32.2,26.3,87,2.0,6.5,2,301,1,25.93020727226947,0,1,0,0,0,0,0
2025-04-14,23.0,30.6,26.0,85,4.3,4.5,9,118,2,55.74994563537935,0,0,0,0,1,0,0
2025-04-15,22.8,33.3,26.9,81,3.0,2.0,1,290,1,38.8953109084042,0,0,0,0,0,0,1
2025-04-16,23.4,33.2,26.7,85,6.196666666666667,7.6,2,232,1,80.3404255319149,0,1,0,0,0,0,0
2025-04-17,22.7,32.2,25.3,87,6.196666666666667,6.4,4,188,1,80.3404255319149,1,0,0,0,0,0,0
2025-04-18,22.6,32.8,26.0,86,23.5,4.3,2,172,1,304.6799354491662,0,1,0,0,0,0,0
2025-04-19,22.6,33.2,26.9,84,6.196666666666667,3.0,3,255,1,80.3404255319149,0,0,0,0,0,1,0
2025-04-20,24.0,30.8,26.1,88,6.196666666666667,4.1,2,219,1,80.3404255319149,0,0,0,0,0,0,1
2025-04-21,22.1,31.8,25.6,86,7.0,3.7,2,160,1,90.75572545294314,0,0,0,0,0,1,0
2025-04-22,22.8,32.0,26.5,81,2.0,6.7,2,161,1,25.93020727226947,0,0,0,1,0,0,0
2025-04-23,23.0,32.4,26.7,76,6.196666666666667,8.0,2,169,1,80.3404255319149,0,0,0,1,0,0,0
2025-04-24,21.0,33.0,25.9,81,6.196666666666667,8.0,2,206,1,80.3404255319149,0,0,0,0,1,0,0
2025-04-25,22.0,33.2,27.1,78,6.196666666666667,8.0,2,163,1,80.3404255319149,0,0,0,0,1,0,0
2025-04-26,22.0,33.0,26.3,78,6.196666666666667,8.0,3,147,2,80.3404255319149,0,0,0,0,1,0,0
2025-04-27,21.5,32.4,25.6,77,6.196666666666667,8.0,3,149,2,80.3404255319149,0,0,0,0,1,0,0
2025-04-28,19.8,32.0,24.6,75,6.196666666666667,8.0,2,169,1,80.3404255319149,0,0,0,0,1,0,0
2025-04-29,20.6,32.0,25.6,78,6.196666666666667,6.7,4,160,2,80.3404255319149,0,0,0,0,1,0,0
2025-04-30,20.6,32.6,26.2,79,6.196666666666667,8.0,3,146,2,80.3404255319149,0,0,0,0,1,0,0
2025-05-01,23.0,33.2,26.7,81,8.541935483870969,7.9,2,225,1,79.02222222222224,0,0,0,0,0,1,0
2025-05-02,22.6,33.6,26.2,86,8.541935483870969,6.2,2,127,1,79.02222222222224,0,0,0,0,1,0,0
2025-05-03,21.4,33.4,25.9,86,81.2,6.0,2,108,1,751.1885867740854,0,1,0,0,0,0,0
2025-05-04,22.2,32.9,26.2,86,12.0,6.5,3,165,1,111.0130916414904,0,0,0,0,1,0,0
2025-05-05,23.0,35.0,26.6,84,2.0,6.2,3,164,1,18.50218194024841,0,1,0,0,0,0,0
2025-05-06,23.2,33.6,26.4,86,6.5,6.3,2,255,1,60.13209130580732,0,0,0,0,1,0,0
2025-05-07,23.0,32.4,27.1,80,11.5,5.0,3,118,2,106.3875461564283,0,0,0,0,1,0,0
2025-05-08,23.4,33.4,27.1,84,8.541935483870969,6.4,2,308,1,79.02222222222224,0,0,0,0,0,0,1
2025-05-09,23.4,32.8,25.0,88,8.541935483870969,6.4,2,235,1,79.02222222222224,0,1,0,0,0,0,0
2025-05-10,22.1,32.4,26.1,85,71.1,4.9,2,117,1,657.7525679758307,0,0,0,0,1,0,0
2025-05-11,22.4,33.7,26.3,86,22.0,5.5,2,243,1,203.5240013427325,0,0,0,0,0,1,0
2025-05-12,22.4,33.0,26.1,86,3.0,6.9,3,105,1,27.75327291037261,0,0,0,0,0,0,1
2025-05-13,23.1,32.0,25.6,88,8.5,5.5,2,289,1,78.63427324605573,0,0,0,0,0,0,1
2025-05-14,23.2,30.1,25.0,91,4.8,3.9,2,203,1,44.40523665659617,0,1,0,0,0,0,0
2025-05-15,22.8,32.4,26.1,85,0.8,2.6,3,186,1,7.400872776099362,0,1,0,0,0,0,0
2025-05-16,24.0,30.4,26.4,89,17.0,4.3,2,147,1,157.2685464921115,0,0,0,1,0,0,0
2025-05-17,24.0,29.8,25.0,93,8.541935483870969,0.5,2,107,1,79.02222222222224,0,1,0,0,0,0,0
2025-05-18,23.8,31.2,25.9,90,9.0,1.0,2,215,1,83.25981873111782,0,1,0,0,0,0,0
2025-05-19,23.2,30.0,24.8,91,0.8,2.7,3,164,2,7.400872776099362,0,0,0,0,1,0,0
2025-05-20,23.2,31.2,26.0,84,4.7,2.5,3,162,1,43.48012755958376,0,0,0,1,0,0,0
2025-05-21,23.2,30.8,26.5,79,8.541935483870969,3.4,3,150,2,79.02222222222224,0,0,0,0,1,0,0
2025-05-22,23.6,30.7,25.8,84,8.541935483870969,3.9,2,126,1,79.02222222222224,0,0,0,0,1,0,0
2025-05-23,23.8,31.2,26.1,86,1.5,3.5,2,262,1,13.87663645518631,0,1,0,0,0,0,0
2025-05-24,21.0,32.6,26.8,83,8.4,3.0,2,123,1,77.70916414904332,0,0,0,0,0,0,1
2025-05-25,23.0,31.7,26.5,86,8.541935483870969,5.5,2,77,1,79.02222222222224,0,0,0,0,0,0,1
2025-05-26,22.2,30.2,24.7,87,8.541935483870969,3.9,2,290,1,79.02222222222224,1,0,0,0,0,0,0
2025-05-27,22.7,30.6,25.9,90,8.541935483870969,1.9,2,303,1,79.02222222222224,0,0,0,0,0,0,1
2025-05-28,23.8,32.8,26.5,85,8.541935483870969,0.0,1,258,1,79.02222222222224,0,0,0,0,0,0,1
2025-05-29,23.4,34.0,27.1,82,8.541935483870969,2.6,1,86,1,79.02222222222224,0,0,0,0,0,0,1
2025-05-30,23.0,32.4,26.3,84,8.541935483870969,4.6,2,178,1,79.02222222222224,0,0,0,1,0,0,0
2025-05-31,23.0,33.0,25.7,85,8.541935483870969,5.7,2,149,1,79.02222222222224,0,0,0,0,0,0,1
2025-06-01,23.2,30.5,26.0,87,29.5,5.1,3,157,1,394.2140446521288,0,0,0,0,1,0,0
2025-06-02,22.8,33.8,26.5,83,2.853333333333333,5.4,2,140,1,38.12962962962963,0,0,0,0,1,0,0
2025-06-03,22.7,34.1,26.6,84,2.853333333333333,6.9,2,176,1,38.12962962962963,0,0,0,0,1,0,0
2025-06-04,22.6,33.9,26.2,80,2.853333333333333,6.1,2,54,1,38.12962962962963,0,1,0,0,0,0,0
2025-06-05,23.0,31.4,26.7,77,2.853333333333333,5.3,2,176,2,38.12962962962963,0,0,0,1,0,0,0
2025-06-06,20.2,32.4,25.0,80,2.853333333333333,8.0,3,154,2,38.12962962962963,0,0,0,0,1,0,0
2025-06-07,21.2,31.8,25.9,82,2.853333333333333,8.0,4,169,2,38.12962962962963,0,0,0,0,1,0,0
2025-06-08,23.1,30.6,26.0,86,2.853333333333333,7.6,4,151,2,38.12962962962963,0,0,0,0,1,0,0
2025-06-09,22.8,32.4,25.8,87,23.5,7.0,2,289,1,314.0349169262721,1,0,0,0,0,0,0
2025-06-10,22.5,32.2,25.9,85,7.1,5.9,3,155,1,94.8786344755971,0,0,0,0,1,0,0
2025-06-11,23.2,31.4,26.3,79,2.853333333333333,4.5,3,71,2,38.12962962962963,0,0,0,0,1,0,0
2025-06-12,21.2,32.0,25.9,77,2.853333333333333,8.0,3,158,2,38.12962962962963,0,0,0,0,1,0,0
2025-06-13,22.0,34.8,24.4,91,2.853333333333333,8.0,2,102,1,38.12962962962963,0,1,0,0,0,0,0
2025-06-14,22.5,32.9,25.8,86,21.3,3.4,2,118,1,284.6359034267913,0,1,0,0,0,0,0
2025-06-15,22.8,33.2,26.5,83,3.4,5.0,2,188,1,45.43483904465213,0,1,0,0,0,0,0
2025-06-16,22.8,32.0,26.5,83,2.853333333333333,5.8,3,191,2,38.12962962962963,0,0,0,1,0,0,0
2025-06-17,23.2,30.9,25.8,83,2.853333333333333,7.8,3,167,2,38.12962962962963,0,0,0,0,1,0,0
2025-06-18,21.0,31.4,24.8,78,2.853333333333333,7.8,3,161,2,38.12962962962963,0,1,0,0,0,0,0
2025-06-19,19.4,30.4,23.6,78,2.853333333333333,8.0,3,153,1,38.12962962962963,0,0,0,0,1,0,0
2025-06-20,19.5,31.0,25.0,80,2.853333333333333,4.7,2,168,1,38.12962962962963,0,0,0,0,1,0,0
2025-06-21,22.0,32.4,25.7,78,2.853333333333333,0.8,3,129,2,38.12962962962963,0,0,0,1,0,0,0
2025-06-22,22.0,31.8,25.4,84,2.853333333333333,6.5,3,130,2,38.12962962962963,0,0,0,0,1,0,0
2025-06-23,22.8,30.3,25.4,83,2.853333333333333,4.2,4,150,2,38.12962962962963,0,0,0,0,1,0,0
2025-06-24,21.6,31.0,25.4,78,2.853333333333333,7.3,4,135,2,38.12962962962963,0,1,0,0,0,0,0
2025-06-25,23.0,30.4,25.6,81,2.853333333333333,6.4,3,152,2,38.12962962962963,0,0,0,0,1,0,0
2025-06-26,22.8,30.4,25.8,78,2.853333333333333,6.1,4,123,2,38.12962962962963,0,0,0,0,1,0,0
2025-06-27,23.9,31.0,26.1,82,2.853333333333333,6.0,4,142,2,38.12962962962963,0,0,0,0,1,0,0
2025-06-28,23.7,29.5,25.6,84,0.8,5.1,3,108,2,10.69055036344756,0,0,0,0,1,0,0
2025-06-29,22.8,30.6,25.1,82,2.853333333333333,3.0,4,143,2,38.12962962962963,0,0,0,0,1,0,0
2025-06-30,21.8,29.4,24.5,84,2.853333333333333,4.2,3,138,2,38.12962962962963,0,0,0,0,1,0,0
2025-07-01,21.8,31.4,25.6,79,0.458065,3.0,3,159,2,26.0,0,0,0,1,0,0,0
2025-07-02,21.4,31.8,25.4,79,0.458065,6.3,4,145,2,33.0,0,0,0,0,1,0,0
2025-07-03,21.4,30.4,25.6,80,0.458065,8.0,3,152,2,32.0,0,0,0,0,1,0,0
2025-07-04,23.2,25.8,23.6,86,0.458065,5.8,3,142,2,25.0,0,0,0,0,1,0,0
2025-07-05,21.0,28.4,23.8,87,0.458065,0.0,2,176,1,28.0,0,0,0,1,0,0,0
2025-07-06,21.2,28.0,24.2,91,1.0,2.6,2,155,1,18.0,0,1,0,0,0,0,0
2025-07-07,22.4,30.0,25.3,86,0.458065,0.0,3,154,1,19.0,0,0,0,0,1,0,0
2025-07-08,22.4,29.5,24.8,82,7.5,3.3,3,126,2,24.0,0,0,0,0,1,0,0
2025-07-09,21.2,28.4,23.8,81,0.458065,7.2,3,152,2,29.0,0,0,0,0,1,0,0
2025-07-10,19.2,29.2,22.9,82,0.458065,7.0,3,147,2,33.0,0,0,0,0,1,0,0
2025-07-11,18.8,29.4,23.3,81,0.458065,8.0,3,149,1,27.0,0,0,0,0,1,0,0
2025-07-12,19.6,28.4,23.0,89,0.458065,6.6,2,157,1,29.0,0,0,0,0,1,0,0
2025-07-13,21.2,30.0,24.5,86,0.2,2.6,3,153,1,28.0,0,0,0,1,0,0,0
2025-07-14,21.2,29.7,25.3,82,0.458065,3.4,3,152,2,31.0,0,0,0,0,1,0,0
2025-07-15,23.0,30.4,25.6,82,0.458065,4.4,4,158,2,32.0,0,0,0,1,0,0,0
2025-07-16,22.4,30.8,24.5,84,1.0,3.5,3,140,2,33.0,0,0,0,0,1,0,0
2025-07-17,19.6,30.0,23.3,83,0.458065,8.0,3,156,2,36.0,0,0,0,0,1,0,0
2025-07-18,19.7,30.0,24.5,76,0.458065,8.0,3,152,2,34.0,0,0,0,0,1,0,0
2025-07-19,19.0,31.0,23.3,77,0.458065,7.0,3,144,2,21.0,0,0,0,0,1,0,0
2025-07-20,18.4,30.2,23.0,78,0.458065,8.0,4,157,2,20.0,0,0,0,0,1,0,0
2025-07-21,18.0,29.0,22.4,82,0.458065,8.0,4,151,2,19.0,0,0,0,0,1,0,0
2025-07-22,18.0,31.2,23.0,81,0.458065,8.0,4,160,2,18.0,0,0,0,0,1,0,0
2025-07-23,19.2,30.6,24.0,80,0.458065,6.4,2,141,1,12.0,0,0,0,0,1,0,0
2025-07-24,20.8,30.4,24.2,81,0.458065,4.9,3,161,2,14.0,0,0,0,0,1,0,0
2025-07-25,21.0,28.8,25.0,84,2.0,5.7,3,146,2,18.0,0,0,0,0,1,0,0
2025-07-26,23.4,31.2,26.2,81,1.0,1.5,3,147,2,20.0,0,0,0,0,1,0,0
2025-07-27,22.0,32.8,26.8,77,0.458065,6.6,2,174,1,36.0,0,0,0,0,1,0,0
2025-07-28,21.4,31.4,25.7,81,0.458065,8.0,3,154,2,42.0,0,0,0,0,1,0,0
2025-07-29,21.2,27.0,24.2,86,0.6,6.7,3,146,2,40.0,0,0,0,0,1,0,0
2025-07-30,22.5,26.3,23.1,91,0.5,1.1,4,145,2,60.0,0,0,0,0,1,0,0
2025-07-31,22.0,29.0,24.2,84,0.4,0.3,3,140,2,62.0,0,0,0,0,1,0,0
2025-08-01,21.8,30.6,25.0,77,0.8,4.4,3,150,2,44.0,0,0,0,0,1,0,0
2025-08-02,23.0,32.8,26.2,80,5.396774,7.8,3,150,2,45.0,0,1,0,0,0,0,0
2025-08-03,23.0,33.0,26.3,81,5.396774,6.7,4,155,2,60.0,0,0,0,0,1,0,0
2025-08-04,23.2,33.0,26.6,78,1.6,8.0,4,152,2,48.0,0,0,0,0,1,0,0
2025-08-05,23.2,33.2,26.0,77,5.396774,8.0,3,143,2,63.0,0,0,0,0,1,0,0
2025-08-06,21.2,31.9,24.9,77,5.396774,8.0,4,151,2,44.0,0,0,0,0,1,0,0
2025-08-07,21.2,32.4,25.3,78,5.396774,8.0,3,119,2,14.0,0,0,0,0,1,0,0
2025-08-08,22.2,32.0,26.5,77,5.396774,8.0,3,152,1,29.0,0,0,0,0,1,0,0
2025-08-09,22.4,33.0,26.4,78,5.396774,7.4,3,169,2,30.0,0,0,0,0,1,0,0
2025-08-10,23.6,30.8,26.1,80,5.396774,7.6,4,157,2,36.0,0,0,0,0,1,0,0
2025-08-11,21.9,31.4,25.3,80,5.396774,6.1,3,124,2,29.0,0,0,0,0,1,0,0
2025-08-12,21.8,31.2,25.2,81,5.396774,6.4,4,152,3,62.0,0,0,0,0,1,0,0
2025-08-13,21.4,31.8,25.7,75,5.396774,8.0,3,151,2,29.0,0,0,0,0,1,0,0
2025-08-14,20.7,30.0,24.5,70,5.396774,7.3,6,164,3,31.0,0,0,0,0,1,0,0
2025-08-15,21.0,30.2,24.5,75,5.396774,8.0,4,152,2,46.0,0,0,0,0,1,0,0
2025-08-16,21.6,30.8,25.0,78,5.396774,7.9,4,105,2,54.0,0,0,0,0,1,0,0
2025-08-17,21.4,31.8,25.2,78,5.396774,7.9,3,168,2,47.0,0,0,0,0,1,0,0
2025-08-18,21.8,32.2,25.1,84,5.396774,8.0,4,170,2,39.0,0,1,0,0,0,0,0
2025-08-19,22.8,31.2,24.0,91,70.0,6.5,3,171,1,62.0,0,0,0,0,0,1,0
2025-08-20,22.0,32.0,25.8,83,88.9,4.8,2,341,1,72.0,0,0,0,0,1,0,0
2025-08-21,22.0,32.6,25.2,82,5.396774,5.9,3,167,2,86.0,0,0,0,0,1,0,0
2025-08-22,21.0,29.8,24.5,82,5.396774,6.4,2,158,1,84.0,0,1,0,0,0,0,0
2025-08-23,20.4,32.8,25.4,78,5.396774,3.1,2,91,1,71.0,0,1,0,0,0,0,0
2025-08-24,20.8,31.4,24.9,79,5.396774,5.5,3,147,2,76.0,0,0,0,0,1,0,0
2025-08-25,20.2,31.2,24.2,80,5.396774,8.0,3,134,2,72.0,0,0,0,0,1,0,0
2025-08-26,22.2,29.8,24.6,79,5.396774,8.0,4,149,2,71.0,0,0,0,1,0,0,0
2025-08-27,21.2,27.9,23.2,91,5.396774,7.9,3,131,2,64.0,0,0,0,0,1,0,0
2025-08-28,22.0,26.4,23.1,90,3.0,3.1,3,194,2,68.0,0,0,0,0,1,0,0
2025-08-29,22.0,28.0,23.9,87,3.0,0.4,4,107,2,78.0,0,0,0,0,1,0,0
2025-08-30,21.2,29.8,25.0,77,5.396774,2.3,4,158,3,68.0,0,0,0,0,1,0,0
2025-08-31,21.8,30.2,24.9,80,5.396774,8.0,3,131,2,79.0,0,0,0,0,1,0,0
